experiment,fold_label,n_test,test_borda,oracle,cpsat_baseline,accuracy,inner_cv_score,fit_seconds,best_params
BagSVM-MW/log_std,2011,100,62.24656286524626,66.16057728753033,60.63946083959932,0.81,0.6404513703354265,277.4402828216553,"{""C"": 29.291055642899224, ""gamma"": 0.026270392407326898, ""wpow"": 1.1181900305727643, ""max_samples"": 0.9015549195649067}"
BagSVM-MW/log_std,2012,100,57.761773256945936,66.76423019743656,57.761773256945936,0.82,0.643734803326798,343.13495206832886,"{""C"": 4.869491810315095, ""gamma"": 0.11152980504801557, ""wpow"": 0.8068657021101373, ""max_samples"": 0.9704773201257991}"
BagSVM-MW/log_std,2013,96,60.007596241742874,67.73596946331787,53.65464800803111,0.7291666666666666,0.6386296019653707,336.3886740207672,"{""C"": 1.7952296162707926, ""gamma"": 0.12811581294777305, ""wpow"": 0.963672697274056, ""max_samples"": 0.938363077009676}"
BagSVM-MW/log_std,2014,98,69.05552236206888,72.25364395703092,66.97501411605869,0.9183673469387755,0.6311745743483246,313.6820297241211,"{""C"": 14.741312197037724, ""gamma"": 0.020126439281201003, ""wpow"": 1.8339772726292993, ""max_samples"": 0.998489891428831}"
BagSVM-MW/log_std,2015,91,58.22649931555129,63.630977928940375,50.12686375847367,0.7802197802197802,0.636089877274032,350.3754723072052,"{""C"": 17.125015946863833, ""gamma"": 0.1093918655395659, ""wpow"": 0.6239088608908049, ""max_samples"": 0.9709268528162576}"
BagSVM-MW/log_std,2016,95,63.31501339214909,65.35782694025467,63.31501339214909,0.9578947368421052,0.6401749224442695,401.11327743530273,"{""C"": 20.690550086963334, ""gamma"": 0.03290554063120769, ""wpow"": 1.674944303020169, ""max_samples"": 0.8847911208853647}"
BagSVM-MW/log_std,2017,92,56.32951346070086,68.14124961910427,51.88821575620379,0.75,0.6372408099563228,372.54883337020874,"{""C"": 40.2781416652054, ""gamma"": 0.01748255905421295, ""wpow"": 1.9118776047276502, ""max_samples"": 0.8557873865083512}"
BagSVM-MW/log_std,2018,90,62.0037266155331,67.21773699163016,62.0037266155331,0.8777777777777778,0.6376748260585983,289.58288192749023,"{""C"": 7.982221825532284, ""gamma"": 0.08222665919565982, ""wpow"": 1.8161803531654397, ""max_samples"": 0.980477748925742}"
BagSVM-MW/log_std,2019,89,60.53426185223153,64.36738675198414,58.85832127898245,0.7752808988764045,0.6408368632124287,296.6272485256195,"{""C"": 68.01062370347172, ""gamma"": 0.021287069366366207, ""wpow"": 1.4357547205293533, ""max_samples"": 0.9991947281563327}"
BagSVM-MW/log_std,2020,94,58.3655202416044,62.91335568772955,55.89131998190203,0.8617021276595744,0.6476291612124958,217.996817111969,"{""C"": 36.86215287714566, ""gamma"": 0.01659255085079527, ""wpow"": 2.0753878988381604, ""max_samples"": 0.9089239956804324}"
BagSVM-MW/log_std,2021,91,56.076068313856815,66.10147650368233,55.33382015084676,0.8021978021978022,0.6398191422273468,212.98398756980896,"{""C"": 87.89797380996038, ""gamma"": 0.03299263281612611, ""wpow"": 1.330355125636629, ""max_samples"": 0.6019309179916568}"
BagSVM-MW/log_std,2022,92,59.805731809607686,67.44317067624243,57.0531407633051,0.75,0.6441672707118026,357.4673185348511,"{""C"": 10.504740696125575, ""gamma"": 0.11242748290142582, ""wpow"": 0.7469576739707948, ""max_samples"": 0.9803831794268992}"
BagSVM-MW/log_std,2023,90,59.37027749123554,67.00652436876254,59.37027749123554,0.8222222222222222,0.6387514168973858,409.6790261268616,"{""C"": 13.032330530271414, ""gamma"": 0.032115648853136385, ""wpow"": 0.9258591348729863, ""max_samples"": 0.9529227549095807}"
BagSVM-MW/log_std,2024,84,55.483029055863355,63.661677013140334,52.49840388449124,0.7619047619047619,0.6386059246493214,348.9541959762573,"{""C"": 19.591962306423493, ""gamma"": 0.042775212536800625, ""wpow"": 1.293770926134403, ""max_samples"": 0.9514508026332132}"
BagSVM-MW/log_std,2025,77,44.9600906037912,57.33374672341028,43.865725701068335,0.7142857142857143,0.6431549317775245,317.5346932411194,"{""C"": 2.5615179980526075, ""gamma"": 0.11808555209118228, ""wpow"": 0.9612394241927873, ""max_samples"": 0.9488589097261811}"
BagSVM-MW/quantile,2011,100,61.71322953191293,66.16057728753033,60.63946083959932,0.78,0.6383627908897911,377.2773082256317,"{""C"": 78.76131825081674, ""gamma"": 0.004979750697532454, ""wpow"": 1.6147364317219326, ""max_samples"": 0.844078248969097}"
BagSVM-MW/quantile,2012,100,57.54629706646974,66.76423019743656,57.761773256945936,0.81,0.6429739022249242,417.0365743637085,"{""C"": 32.18210695122286, ""gamma"": 0.10915036440359799, ""wpow"": 2.2608993247527494, ""max_samples"": 0.9855067874008555}"
BagSVM-MW/quantile,2013,96,59.542807509348506,67.73596946331787,53.65464800803111,0.71875,0.6379723652045441,535.8071830272675,"{""C"": 3.5406163386104734, ""gamma"": 0.11476809785348706, ""wpow"": 1.2925480872844708, ""max_samples"": 0.8010903286566632}"
BagSVM-MW/quantile,2014,98,68.06089355453928,72.25364395703092,66.97501411605869,0.9081632653061225,0.6306876123423224,274.0609977245331,"{""C"": 16.769482587447946, ""gamma"": 0.003724573642851319, ""wpow"": 0.9916491047141969, ""max_samples"": 0.8449098826966549}"
BagSVM-MW/quantile,2015,91,58.2264718164221,63.630977928940375,50.12686375847367,0.7582417582417582,0.6356685367876154,398.5823769569397,"{""C"": 15.243629748499835, ""gamma"": 0.07812984477033817, ""wpow"": 1.6172383668153574, ""max_samples"": 0.9956080007661111}"
BagSVM-MW/quantile,2016,95,63.314988809502026,65.35782694025467,63.31501339214909,0.9473684210526315,0.639033190716025,321.0782506465912,"{""C"": 38.0732347967209, ""gamma"": 0.008497899627232477, ""wpow"": 1.684777988808353, ""max_samples"": 0.9435230439946986}"
BagSVM-MW/quantile,2017,92,56.422094133763636,68.14124961910427,51.88821575620379,0.75,0.6382206212984471,287.3703179359436,"{""C"": 22.60749630307591, ""gamma"": 0.003460817686357028, ""wpow"": 0.8740996109203012, ""max_samples"": 0.8978644569579275}"
BagSVM-MW/quantile,2018,90,62.0037266155331,67.21773699163016,62.0037266155331,0.8777777777777778,0.6374535050455343,358.24954414367676,"{""C"": 4.5195874241087655, ""gamma"": 0.03373843799077188, ""wpow"": 1.220745887393067, ""max_samples"": 0.9997653976350742}"
BagSVM-MW/quantile,2019,89,61.0009285188982,64.36738675198414,58.85832127898245,0.7865168539325843,0.6373553029656924,463.376455783844,"{""C"": 9.47042181902096, ""gamma"": 0.014170713757663779, ""wpow"": 1.37098331336795, ""max_samples"": 0.972089886653437}"
BagSVM-MW/quantile,2020,94,56.79131998190203,62.91335568772955,55.89131998190203,0.8617021276595744,0.6454984651631193,417.83972668647766,"{""C"": 68.45570267272907, ""gamma"": 0.028504320627871515, ""wpow"": 1.2374575454421948, ""max_samples"": 0.6071847502459279}"
BagSVM-MW/quantile,2021,91,56.076068313856815,66.10147650368233,55.33382015084676,0.8021978021978022,0.6396021754171394,397.9737229347229,"{""C"": 40.32965198984056, ""gamma"": 0.00925166144692229, ""wpow"": 1.6746848329138542, ""max_samples"": 0.7102177578384641}"
BagSVM-MW/quantile,2022,92,60.599117635231664,67.44317067624243,57.0531407633051,0.782608695652174,0.6437191901924387,331.77818608283997,"{""C"": 54.23360823110528, ""gamma"": 0.16079111269405882, ""wpow"": 2.167540935437653, ""max_samples"": 0.8945632483393829}"
BagSVM-MW/quantile,2023,90,59.37027749123554,67.00652436876254,59.37027749123554,0.8222222222222222,0.637461995678837,311.1725027561188,"{""C"": 9.47042181902096, ""gamma"": 0.02220085106531086, ""wpow"": 1.6359239703665773, ""max_samples"": 0.9575710416393786}"
BagSVM-MW/quantile,2024,84,55.483029055863355,63.661677013140334,52.49840388449124,0.7619047619047619,0.6371050568972798,338.5616626739502,"{""C"": 27.835710156270338, ""gamma"": 0.044994664190943695, ""wpow"": 2.2504216604276217, ""max_samples"": 0.8579260401393722}"
BagSVM-MW/quantile,2025,77,44.9600906037912,57.33374672341028,43.865725701068335,0.7142857142857143,0.6441467530576661,405.58362460136414,"{""C"": 11.70190221018284, ""gamma"": 0.029766887504681774, ""wpow"": 1.7173018557667632, ""max_samples"": 0.9695274180325996}"
SVM-RBF/std,2011,100,61.57993703007551,66.16057728753033,60.63946083959932,0.87,0.6319324617481487,18.286062955856323,"{""C"": 1.2480604638491823, ""gamma"": 6.841768863453917, ""class_weight"": null}"
SVM-RBF/std,2012,100,57.761773256945936,66.76423019743656,57.761773256945936,0.82,0.6381244554452733,19.726927280426025,"{""C"": 0.13661468492582368, ""gamma"": 7.772120052956402, ""class_weight"": ""balanced""}"
SVM-RBF/std,2013,96,55.52588474362514,67.73596946331787,53.65464800803111,0.65625,0.6356488749271543,21.391096591949463,"{""C"": 1.2366564584216324, ""gamma"": 6.762232898342582, ""class_weight"": null}"
SVM-RBF/std,2014,98,64.9259241607845,72.25364395703092,66.97501411605869,0.8367346938775511,0.6229707037962389,13.464988470077515,"{""C"": 4.581894098295076, ""gamma"": 0.09018203951766535, ""class_weight"": null}"
SVM-RBF/std,2015,91,52.78770999050885,63.630977928940375,50.12686375847367,0.7032967032967034,0.6328967045094448,30.20152759552002,"{""C"": 0.11743375097189594, ""gamma"": 4.976872836520956, ""class_weight"": ""balanced""}"
SVM-RBF/std,2016,95,62.814134484582496,65.35782694025467,63.31501339214909,0.9157894736842105,0.6316142352120446,18.282721757888794,"{""C"": 1.1679971040682993, ""gamma"": 1.8853007909781145, ""class_weight"": null}"
SVM-RBF/std,2017,92,56.934649586833395,68.14124961910427,51.88821575620379,0.75,0.6307203771485688,26.809422731399536,"{""C"": 82.35573703712849, ""gamma"": 4.493820824807658, ""class_weight"": ""balanced""}"
SVM-RBF/std,2018,90,63.00385377314426,67.21773699163016,62.0037266155331,0.8888888888888888,0.6281617896929383,20.751665115356445,"{""C"": 1.9264601819926757, ""gamma"": 2.0257073828994883, ""class_weight"": null}"
SVM-RBF/std,2019,89,59.10576292072481,64.36738675198414,58.85832127898245,0.7752808988764045,0.6288473699814922,20.418245315551758,"{""C"": 5.739590911445966, ""gamma"": 0.35659699798188516, ""class_weight"": null}"
SVM-RBF/std,2020,94,56.125424625463964,62.91335568772955,55.89131998190203,0.8191489361702128,0.6346148669065499,26.693480253219604,"{""C"": 5.582880426510881, ""gamma"": 0.4675139565008547, ""class_weight"": null}"
SVM-RBF/std,2021,91,56.076068313856815,66.10147650368233,55.33382015084676,0.8351648351648352,0.6329775207979395,27.605444192886353,"{""C"": 1.0176408360215836, ""gamma"": 1.220606156625184, ""class_weight"": null}"
SVM-RBF/std,2022,92,58.59910763606494,67.44317067624243,57.0531407633051,0.7608695652173914,0.6352202261892161,25.51325035095215,"{""C"": 7.454855945114032, ""gamma"": 0.3244010859484325, ""class_weight"": null}"
SVM-RBF/std,2023,90,57.37027749123554,67.00652436876254,59.37027749123554,0.8,0.630309398187138,27.608743906021118,"{""C"": 3.627028272185945, ""gamma"": 1.073602752396737, ""class_weight"": null}"
SVM-RBF/std,2024,84,54.36289372223943,63.661677013140334,52.49840388449124,0.7857142857142857,0.6309741674455084,29.80591344833374,"{""C"": 2.5806598201863418, ""gamma"": 1.694274082566462, ""class_weight"": null}"
SVM-RBF/std,2025,77,43.06322496266132,57.33374672341028,43.865725701068335,0.7272727272727273,0.6350571025471594,22.70406436920166,"{""C"": 3.433464159266823, ""gamma"": 1.2584055770066387, ""class_weight"": null}"
SVM-RBF/log_std,2011,100,58.273177064254895,66.16057728753033,60.63946083959932,0.8,0.6379173543158263,15.85347032546997,"{""C"": 21.582601262057892, ""gamma"": 0.04779405334136807, ""class_weight"": null}"
SVM-RBF/log_std,2012,100,57.41983777307497,66.76423019743656,57.761773256945936,0.81,0.6387667117960808,21.49428081512451,"{""C"": 99.12830895799159, ""gamma"": 0.7864903651688838, ""class_weight"": ""balanced""}"
SVM-RBF/log_std,2013,96,58.079205032966044,67.73596946331787,53.65464800803111,0.6770833333333334,0.6357117746821552,21.34700918197632,"{""C"": 29.323098450371685, ""gamma"": 0.1996918887996687, ""class_weight"": null}"
SVM-RBF/log_std,2014,98,68.10800995311327,72.25364395703092,66.97501411605869,0.9081632653061225,0.6260271817514358,27.388866424560547,"{""C"": 0.21201157282689112, ""gamma"": 0.15887759996626935, ""class_weight"": ""balanced""}"
SVM-RBF/log_std,2015,91,53.2633936848165,63.630977928940375,50.12686375847367,0.7142857142857143,0.6318579753220617,35.12725067138672,"{""C"": 0.10882553494805526, ""gamma"": 1.7855240248456004, ""class_weight"": ""balanced""}"
SVM-RBF/log_std,2016,95,63.34339411180889,65.35782694025467,63.31501339214909,0.8526315789473684,0.638481577614838,18.801823616027832,"{""C"": 0.2077233413072752, ""gamma"": 0.11011063704260872, ""class_weight"": ""balanced""}"
SVM-RBF/log_std,2017,92,58.40657724513197,68.14124961910427,51.88821575620379,0.782608695652174,0.6357966284143982,25.530172109603882,"{""C"": 54.99042848728565, ""gamma"": 0.10930815404410098, ""class_weight"": ""balanced""}"
SVM-RBF/log_std,2018,90,62.075155186961666,67.21773699163016,62.0037266155331,0.8888888888888888,0.6336629584031117,20.106114149093628,"{""C"": 2.459335701902274, ""gamma"": 0.36309537417350574, ""class_weight"": null}"
SVM-RBF/log_std,2019,89,58.883556531532456,64.36738675198414,58.85832127898245,0.7865168539325843,0.6373281123041447,27.33646583557129,"{""C"": 4.901918645162463, ""gamma"": 0.1964632951140177, ""class_weight"": null}"
SVM-RBF/log_std,2020,94,56.039878150047386,62.91335568772955,55.89131998190203,0.8297872340425532,0.6411071857106265,16.412233591079712,"{""C"": 11.022824039246707, ""gamma"": 0.04326229160254063, ""class_weight"": null}"
SVM-RBF/log_std,2021,91,56.02257899829562,66.10147650368233,55.33382015084676,0.8131868131868132,0.635725760206777,17.178735494613647,"{""C"": 3.218114276611409, ""gamma"": 0.3604037738100549, ""class_weight"": null}"
SVM-RBF/log_std,2022,92,60.599151800560186,67.44317067624243,57.0531407633051,0.7934782608695652,0.6384763289449558,26.026877641677856,"{""C"": 4.422971973505224, ""gamma"": 0.3152973752926452, ""class_weight"": null}"
SVM-RBF/log_std,2023,90,57.37027749123554,67.00652436876254,59.37027749123554,0.8,0.6359122818204572,25.984618663787842,"{""C"": 17.255380507566016, ""gamma"": 0.2623304637804928, ""class_weight"": null}"
SVM-RBF/log_std,2024,84,55.471237041396726,63.661677013140334,52.49840388449124,0.7857142857142857,0.6345635750953684,21.97107696533203,"{""C"": 3.65351477117549, ""gamma"": 0.29957363803531756, ""class_weight"": null}"
SVM-RBF/log_std,2025,77,44.21295056434347,57.33374672341028,43.865725701068335,0.7402597402597403,0.6393511375069802,18.84672522544861,"{""C"": 4.733801682902753, ""gamma"": 0.2607175828223395, ""class_weight"": null}"
SVM-RBF-MW/quantile,2011,100,61.71322953191293,66.16057728753033,60.63946083959932,0.78,0.6403847414649817,62.608232259750366,"{""C"": 19.9587678899286, ""gamma"": 0.010801370998734622, ""wpow"": 1.8546296542001854}"
SVM-RBF-MW/quantile,2012,100,57.546254151787885,66.76423019743656,57.761773256945936,0.8,0.6438497145126394,57.93681764602661,"{""C"": 69.07592391425555, ""gamma"": 0.042038513732958575, ""wpow"": 2.289636445725777}"
SVM-RBF-MW/quantile,2013,96,60.30123513658117,67.73596946331787,53.65464800803111,0.7395833333333334,0.6410211337251692,74.57581400871277,"{""C"": 5.460260838356894, ""gamma"": 0.011876087575874168, ""wpow"": 0.5499258815315369}"
SVM-RBF-MW/quantile,2014,98,67.47863433075824,72.25364395703092,66.97501411605869,0.8877551020408163,0.6315615848861362,58.87006187438965,"{""C"": 15.630935400797535, ""gamma"": 0.0063334778786589855, ""wpow"": 1.468262143616834}"
SVM-RBF-MW/quantile,2015,91,56.78034288068567,63.630977928940375,50.12686375847367,0.6923076923076923,0.6354296715218105,87.40159463882446,"{""C"": 1.976218934028007, ""gamma"": 0.014618962793704957, ""wpow"": 1.723705789444759}"
SVM-RBF-MW/quantile,2016,95,62.02543111873449,65.35782694025467,63.31501339214909,0.8736842105263158,0.640842758332286,60.562543869018555,"{""C"": 76.52061525376506, ""gamma"": 0.020490705927278436, ""wpow"": 0.9516673157940805}"
SVM-RBF-MW/quantile,2017,92,60.77349507417517,68.14124961910427,51.88821575620379,0.8152173913043478,0.640048314494716,54.302541971206665,"{""C"": 86.56703305781328, ""gamma"": 0.01843301556759183, ""wpow"": 1.386852723254052}"
SVM-RBF-MW/quantile,2018,90,62.075155186961666,67.21773699163016,62.0037266155331,0.8888888888888888,0.6374101525948704,81.15515279769897,"{""C"": 2.7975172966172606, ""gamma"": 0.0842101159856166, ""wpow"": 1.0014581369632605}"
SVM-RBF-MW/quantile,2019,89,60.70816881270723,64.36738675198414,58.85832127898245,0.7752808988764045,0.6405760679938632,80.77341389656067,"{""C"": 22.564556893498303, ""gamma"": 0.00999893287143537, ""wpow"": 1.5540993930664162}"
SVM-RBF-MW/quantile,2020,94,56.27204586821869,62.91335568772955,55.89131998190203,0.8085106382978723,0.6445529739275353,77.68905830383301,"{""C"": 46.38729120194833, ""gamma"": 0.012175071601139323, ""wpow"": 2.229445368872785}"
SVM-RBF-MW/quantile,2021,91,57.007735246445456,66.10147650368233,55.33382015084676,0.8241758241758241,0.6422873787354524,58.45852828025818,"{""C"": 3.4999038398519184, ""gamma"": 0.5911189560650557, ""wpow"": 0.6338611346619076}"
SVM-RBF-MW/quantile,2022,92,57.578185937427364,67.44317067624243,57.0531407633051,0.7282608695652174,0.6447314658182499,75.45579433441162,"{""C"": 59.59022224471539, ""gamma"": 0.036657615963517076, ""wpow"": 1.0444510055662375}"
SVM-RBF-MW/quantile,2023,90,57.37027749123554,67.00652436876254,59.37027749123554,0.8,0.6403480701565211,56.744978189468384,"{""C"": 5.169218928667861, ""gamma"": 0.1241637089098442, ""wpow"": 0.7633188421986348}"
SVM-RBF-MW/quantile,2024,84,54.39083004968343,63.661677013140334,52.49840388449124,0.7619047619047619,0.6375750517585926,67.63616561889648,"{""C"": 1.5882214720508396, ""gamma"": 0.682763879095027, ""wpow"": 0.6089555752215172}"
SVM-RBF-MW/quantile,2025,77,44.9600906037912,57.33374672341028,43.865725701068335,0.7142857142857143,0.6452217794298057,64.8972704410553,"{""C"": 4.153140493700095, ""gamma"": 0.006812564350201546, ""wpow"": 0.5947883594152212}"
BagSVM-MW/log_quantile,2011,100,61.71322953191293,66.16057728753033,60.63946083959932,0.78,0.6383627908897911,408.2098126411438,"{""C"": 78.76131825081674, ""gamma"": 0.004979750697532454, ""wpow"": 1.6147364317219326, ""max_samples"": 0.844078248969097}"
BagSVM-MW/log_quantile,2012,100,57.54629706646974,66.76423019743656,57.761773256945936,0.81,0.6423483927860006,389.42742824554443,"{""C"": 61.19301659798321, ""gamma"": 0.1439350495942996, ""wpow"": 2.1026324889998875, ""max_samples"": 0.9677655078874414}"
BagSVM-MW/log_quantile,2013,96,59.542807509348506,67.73596946331787,53.65464800803111,0.71875,0.6379723652045441,386.23122096061707,"{""C"": 3.5406163386104734, ""gamma"": 0.11476809785348706, ""wpow"": 1.2925480872844708, ""max_samples"": 0.8010903286566632}"
BagSVM-MW/log_quantile,2014,98,67.97501411605869,72.25364395703092,66.97501411605869,0.8979591836734694,0.6288686005752897,304.4659843444824,"{""C"": 1.9252288909210618, ""gamma"": 0.03782675242035058, ""wpow"": 0.7888909102273529, ""max_samples"": 0.8796115217665699}"
BagSVM-MW/log_quantile,2015,91,58.2264718164221,63.630977928940375,50.12686375847367,0.7582417582417582,0.6356109323743604,343.8278274536133,"{""C"": 15.243629748499835, ""gamma"": 0.07812984477033817, ""wpow"": 1.6172383668153574, ""max_samples"": 0.9956080007661111}"
BagSVM-MW/log_quantile,2016,95,63.314988809502026,65.35782694025467,63.31501339214909,0.9473684210526315,0.639033190716025,313.47681856155396,"{""C"": 38.0732347967209, ""gamma"": 0.008497899627232477, ""wpow"": 1.684777988808353, ""max_samples"": 0.9435230439946986}"
BagSVM-MW/log_quantile,2017,92,56.422094133763636,68.14124961910427,51.88821575620379,0.75,0.6378862409154297,385.4630403518677,"{""C"": 22.60749630307591, ""gamma"": 0.003460817686357028, ""wpow"": 0.8740996109203012, ""max_samples"": 0.8978644569579275}"
BagSVM-MW/log_quantile,2018,90,62.0037266155331,67.21773699163016,62.0037266155331,0.8777777777777778,0.6374535050455343,500.0064375400543,"{""C"": 4.5195874241087655, ""gamma"": 0.03373843799077188, ""wpow"": 1.220745887393067, ""max_samples"": 0.9997653976350742}"
BagSVM-MW/log_quantile,2019,89,61.0009285188982,64.36738675198414,58.85832127898245,0.7865168539325843,0.6373553029656924,329.95771861076355,"{""C"": 9.47042181902096, ""gamma"": 0.014170713757663779, ""wpow"": 1.37098331336795, ""max_samples"": 0.972089886653437}"
BagSVM-MW/log_quantile,2020,94,56.79131998190203,62.91335568772955,55.89131998190203,0.8617021276595744,0.6454984651631193,316.736953496933,"{""C"": 68.45570267272907, ""gamma"": 0.028504320627871515, ""wpow"": 1.2374575454421948, ""max_samples"": 0.6071847502459279}"
BagSVM-MW/log_quantile,2021,91,56.076068313856815,66.10147650368233,55.33382015084676,0.8021978021978022,0.6396021754171394,269.8437976837158,"{""C"": 40.32965198984056, ""gamma"": 0.00925166144692229, ""wpow"": 1.6746848329138542, ""max_samples"": 0.7102177578384641}"
BagSVM-MW/log_quantile,2022,92,60.599117635231664,67.44317067624243,57.0531407633051,0.782608695652174,0.6437191901924387,508.4013843536377,"{""C"": 54.23360823110528, ""gamma"": 0.16079111269405882, ""wpow"": 2.167540935437653, ""max_samples"": 0.8945632483393829}"
BagSVM-MW/log_quantile,2023,90,59.37027749123554,67.00652436876254,59.37027749123554,0.8222222222222222,0.637461995678837,398.07422041893005,"{""C"": 9.47042181902096, ""gamma"": 0.02220085106531086, ""wpow"": 1.6359239703665773, ""max_samples"": 0.9575710416393786}"
BagSVM-MW/log_quantile,2024,84,55.483029055863355,63.661677013140334,52.49840388449124,0.7619047619047619,0.6372571012437682,371.96806836128235,"{""C"": 68.48353799910191, ""gamma"": 0.04439592100036457, ""wpow"": 2.2564506884223707, ""max_samples"": 0.9450804456253588}"
BagSVM-MW/log_quantile,2025,77,44.9600906037912,57.33374672341028,43.865725701068335,0.7142857142857143,0.6441467530576661,404.02575492858887,"{""C"": 11.70190221018284, ""gamma"": 0.029766887504681774, ""wpow"": 1.7173018557667632, ""max_samples"": 0.9695274180325996}"
BagSVM-MW/log_power,2011,100,61.77081119260316,66.16057728753033,60.63946083959932,0.83,0.6405502543606773,353.3840882778168,"{""C"": 97.65062739224496, ""gamma"": 0.048990698840603114, ""wpow"": 1.1960963624292003, ""max_samples"": 0.862508726102394}"
BagSVM-MW/log_power,2012,100,57.761773256945936,66.76423019743656,57.761773256945936,0.82,0.6431514147478096,492.9388997554779,"{""C"": 3.809749287512403, ""gamma"": 0.428642406565944, ""wpow"": 0.9390502402832762, ""max_samples"": 0.9785196172704937}"
BagSVM-MW/log_power,2013,96,60.30123513658117,67.73596946331787,53.65464800803111,0.7395833333333334,0.639199448735029,333.64018869400024,"{""C"": 92.63004695355541, ""gamma"": 0.024815616657404494, ""wpow"": 1.3539213683564626, ""max_samples"": 0.8873425218553606}"
BagSVM-MW/log_power,2014,98,69.05552236206888,72.25364395703092,66.97501411605869,0.9183673469387755,0.6313980258134462,261.95814871788025,"{""C"": 15.557155469318793, ""gamma"": 0.017362149311489314, ""wpow"": 1.332942308628076, ""max_samples"": 0.8563272073984202}"
BagSVM-MW/log_power,2015,91,58.34037854320264,63.630977928940375,50.12686375847367,0.7472527472527473,0.6379248395688588,445.5517547130585,"{""C"": 67.03881913713477, ""gamma"": 0.019015646140053463, ""wpow"": 0.7236996246274313, ""max_samples"": 0.942884434318961}"
BagSVM-MW/log_power,2016,95,62.814134484582496,65.35782694025467,63.31501339214909,0.9157894736842105,0.6399263613436013,446.03382420539856,"{""C"": 20.265735647111697, ""gamma"": 0.07844195233927376, ""wpow"": 0.6707707379407283, ""max_samples"": 0.8539910868189495}"
BagSVM-MW/log_power,2017,92,58.42213371539826,68.14124961910427,51.88821575620379,0.782608695652174,0.636969860872999,267.0322377681732,"{""C"": 38.542135277073484, ""gamma"": 0.01864792185957527, ""wpow"": 1.1426582194806065, ""max_samples"": 0.7863831406535751}"
BagSVM-MW/log_power,2018,90,62.0037266155331,67.21773699163016,62.0037266155331,0.8777777777777778,0.6374744060491052,293.0022256374359,"{""C"": 19.1549681439704, ""gamma"": 0.015594834043457986, ""wpow"": 1.8300617609093295, ""max_samples"": 0.9331890362597354}"
BagSVM-MW/log_power,2019,89,60.53426185223153,64.36738675198414,58.85832127898245,0.7752808988764045,0.6411287072817288,389.1450674533844,"{""C"": 20.690550086963334, ""gamma"": 0.03290554063120769, ""wpow"": 1.674944303020169, ""max_samples"": 0.9164233270188975}"
BagSVM-MW/log_power,2020,94,58.3655202416044,62.91335568772955,55.89131998190203,0.851063829787234,0.6490493358152892,280.43491077423096,"{""C"": 25.786537569088427, ""gamma"": 0.017888627846336567, ""wpow"": 2.225167338260529, ""max_samples"": 0.920925141208328}"
BagSVM-MW/log_power,2021,91,56.076068313856815,66.10147650368233,55.33382015084676,0.8021978021978022,0.6412507316767789,356.0323214530945,"{""C"": 19.27071702673031, ""gamma"": 0.0280353656125038, ""wpow"": 1.8982496669410105, ""max_samples"": 0.8482937570746987}"
BagSVM-MW/log_power,2022,92,59.59903555585491,67.44317067624243,57.0531407633051,0.75,0.6446152064506517,386.55593371391296,"{""C"": 24.044982481280922, ""gamma"": 0.052676542363978694, ""wpow"": 1.6615257520940974, ""max_samples"": 0.9751474670155723}"
BagSVM-MW/log_power,2023,90,58.171153693587804,67.00652436876254,59.37027749123554,0.8,0.6408706147676888,322.80408549308777,"{""C"": 48.663280431769756, ""gamma"": 0.014004317896556494, ""wpow"": 0.9433382719242819, ""max_samples"": 0.9512140356816348}"
BagSVM-MW/log_power,2024,84,55.483029055863355,63.661677013140334,52.49840388449124,0.7619047619047619,0.638015743504852,340.43584084510803,"{""C"": 16.320364152424325, ""gamma"": 0.05274124597664807, ""wpow"": 1.348543752293036, ""max_samples"": 0.8923059303285044}"
BagSVM-MW/log_power,2025,77,44.9600906037912,57.33374672341028,43.865725701068335,0.7142857142857143,0.6435009857029341,322.2875792980194,"{""C"": 33.99043815543369, ""gamma"": 0.027372187483003796, ""wpow"": 1.7921462235221746, ""max_samples"": 0.9870374878726947}"
BagSVM-MW/std,2011,100,60.5798961985796,66.16057728753033,60.63946083959932,0.81,0.6338663960734804,267.94086170196533,"{""C"": 60.570441647458736, ""gamma"": 0.4523361788473834, ""wpow"": 2.3930096669328664, ""max_samples"": 0.7879259337101082}"
BagSVM-MW/std,2012,100,57.761773256945936,66.76423019743656,57.761773256945936,0.82,0.6395546763062723,372.00670742988586,"{""C"": 48.55769766064098, ""gamma"": 0.6416986907191723, ""wpow"": 1.0678951849916634, ""max_samples"": 0.9948288872340615}"
BagSVM-MW/std,2013,96,59.05866862640902,67.73596946331787,53.65464800803111,0.71875,0.6389841159479429,350.3530776500702,"{""C"": 2.334586407601624, ""gamma"": 1.382623217936987, ""wpow"": 0.8993475643167195, ""max_samples"": 0.8056937753654446}"
BagSVM-MW/std,2014,98,66.97501411605869,72.25364395703092,66.97501411605869,0.8877551020408163,0.6278543292109653,251.86486792564392,"{""C"": 1.5196920071174094, ""gamma"": 0.06244807044792383, ""wpow"": 0.7446308544441822, ""max_samples"": 0.972381112656127}"
BagSVM-MW/std,2015,91,55.02411323649782,63.630977928940375,50.12686375847367,0.7362637362637363,0.6389229928719986,264.5137085914612,"{""C"": 26.347064765159555, ""gamma"": 0.0919441058883733, ""wpow"": 0.8071561891280951, ""max_samples"": 0.9970925275422827}"
BagSVM-MW/std,2016,95,63.31501339214909,65.35782694025467,63.31501339214909,0.9578947368421052,0.6351778531844013,360.1526355743408,"{""C"": 4.546575142253309, ""gamma"": 1.871310557841218, ""wpow"": 0.9787048229612738, ""max_samples"": 0.8963085505227857}"
BagSVM-MW/std,2017,92,55.77488452445974,68.14124961910427,51.88821575620379,0.7608695652173914,0.6368750623924052,363.1545193195343,"{""C"": 38.417502638103265, ""gamma"": 0.03460291685949833, ""wpow"": 1.2947372894150333, ""max_samples"": 0.8414667134636591}"
BagSVM-MW/std,2018,90,62.0037266155331,67.21773699163016,62.0037266155331,0.8777777777777778,0.6343654627756319,396.8311266899109,"{""C"": 37.52183718445456, ""gamma"": 0.04333045746566971, ""wpow"": 2.0456256428733695, ""max_samples"": 0.96179104700905}"
BagSVM-MW/std,2019,89,60.00096268422673,64.36738675198414,58.85832127898245,0.7865168539325843,0.6330001780018842,375.3660840988159,"{""C"": 30.39323529522106, ""gamma"": 0.05045445843117456, ""wpow"": 2.1698884770291795, ""max_samples"": 0.9707161943290802}"
BagSVM-MW/std,2020,94,58.3655202416044,62.91335568772955,55.89131998190203,0.8723404255319149,0.6435364199682203,281.3572041988373,"{""C"": 8.974835513193225, ""gamma"": 0.05118178868655208, ""wpow"": 1.322618744073103, ""max_samples"": 0.9693197739897974}"
BagSVM-MW/std,2021,91,56.076068313856815,66.10147650368233,55.33382015084676,0.8241758241758241,0.6368040972834267,236.6594362258911,"{""C"": 4.607683961546485, ""gamma"": 0.03782675242035058, ""wpow"": 1.1704082282208412, ""max_samples"": 0.7525627855615276}"
BagSVM-MW/std,2022,92,58.59915096737615,67.44317067624243,57.0531407633051,0.7717391304347826,0.6385824116451893,415.94423246383667,"{""C"": 3.1463456008757853, ""gamma"": 0.5165100052472191, ""wpow"": 0.7878787379882788, ""max_samples"": 0.8842388484853477}"
BagSVM-MW/std,2023,90,59.37027749123554,67.00652436876254,59.37027749123554,0.8222222222222222,0.6358098080340445,386.46318888664246,"{""C"": 23.08981638225416, ""gamma"": 0.039260384446357044, ""wpow"": 1.8888041938129327, ""max_samples"": 0.9667238029334075}"
BagSVM-MW/std,2024,84,55.48312196781586,63.661677013140334,52.49840388449124,0.7857142857142857,0.6323543721642345,323.09189891815186,"{""C"": 10.299192376193854, ""gamma"": 0.20572381972603876, ""wpow"": 1.331276892615472, ""max_samples"": 0.9003988944050104}"
BagSVM-MW/std,2025,77,44.532392367735,57.33374672341028,43.865725701068335,0.7012987012987013,0.6359085336511194,360.91292238235474,"{""C"": 1.1963084838018871, ""gamma"": 4.2970642024908745, ""wpow"": 0.6210730896969671, ""max_samples"": 0.8512083767458054}"
BagSVM-MW/log_std,2011,100,62.57993703007551,66.16057728753033,60.63946083959932,0.84,0.6409810913308283,997.0989694595337,"{""C"": 29.291055642899224, ""gamma"": 0.026270392407326898, ""wpow"": 1.1181900305727643, ""max_samples"": 0.9015549195649067}"
BagSVM-MW/log_std,2012,100,57.761773256945936,66.76423019743656,57.761773256945936,0.82,0.6444608973141157,1093.276516675949,"{""C"": 28.77835677655999, ""gamma"": 0.12843561628192515, ""wpow"": 0.9125063698540707, ""max_samples"": 0.9248912169435692}"
BagSVM-MW/log_std,2013,96,60.30123513658117,67.73596946331787,53.65464800803111,0.7395833333333334,0.6412084901335551,1068.2998871803284,"{""C"": 75.52301383309651, ""gamma"": 0.02082672002742976, ""wpow"": 1.4883534511295278, ""max_samples"": 0.900062757900482}"
BagSVM-MW/log_std,2014,98,67.97501411605869,72.25364395703092,66.97501411605869,0.8775510204081632,0.6326250246341472,832.3207731246948,"{""C"": 4.774968216817958, ""gamma"": 0.012778852827411988, ""wpow"": 0.562976986194916, ""max_samples"": 0.961500036889963}"
BagSVM-MW/log_std,2015,91,58.40810427972995,63.630977928940375,50.12686375847367,0.7472527472527473,0.6384439357086256,1002.4537765979767,"{""C"": 6.232128168889046, ""gamma"": 0.025446321172752022, ""wpow"": 2.1786686643730766, ""max_samples"": 0.9806291939548982}"
BagSVM-MW/log_std,2016,95,63.25363231798029,65.35782694025467,63.31501339214909,0.9473684210526315,0.6415018899225295,1005.1854803562164,"{""C"": 17.214523772396717, ""gamma"": 0.03260973856003516, ""wpow"": 1.2657547200380312, ""max_samples"": 0.9473316948826718}"
BagSVM-MW/log_std,2017,92,54.24096656526528,68.14124961910427,51.88821575620379,0.7608695652173914,0.641378225617216,970.1446619033813,"{""C"": 94.27667050265202, ""gamma"": 0.0010807742313725945, ""wpow"": 0.6532341430706883, ""max_samples"": 0.9831867931969718}"
BagSVM-MW/log_std,2018,90,62.0037266155331,67.21773699163016,62.0037266155331,0.8777777777777778,0.6383740598122717,961.6235828399658,"{""C"": 17.87889779992921, ""gamma"": 0.01492201316540367, ""wpow"": 1.4129929959007836, ""max_samples"": 0.927771281103429}"
BagSVM-MW/log_std,2019,89,60.53426185223153,64.36738675198414,58.85832127898245,0.7752808988764045,0.64096647551328,1312.2300188541412,"{""C"": 53.55036361979312, ""gamma"": 0.02048243671650862, ""wpow"": 1.3938241516753331, ""max_samples"": 0.9993616457178542}"
BagSVM-MW/log_std,2020,94,55.78138608614148,62.91335568772955,55.89131998190203,0.7978723404255319,0.6483860645899285,1294.5378704071045,"{""C"": 50.83991528306833, ""gamma"": 0.026350102896429937, ""wpow"": 1.1488953630452698, ""max_samples"": 0.959382340328759}"
BagSVM-MW/log_std,2021,91,56.076068313856815,66.10147650368233,55.33382015084676,0.8021978021978022,0.6430170357520864,952.8239657878876,"{""C"": 13.72873543175109, ""gamma"": 0.0482295468549219, ""wpow"": 0.5877769868082892, ""max_samples"": 0.7697847388383272}"
BagSVM-MW/log_std,2022,92,60.59903555585491,67.44317067624243,57.0531407633051,0.7608695652173914,0.6441659403251316,1122.5039477348328,"{""C"": 23.257402611755275, ""gamma"": 0.017421378891623946, ""wpow"": 1.590307548633489, ""max_samples"": 0.8394103746733345}"
BagSVM-MW/log_std,2023,90,58.108662705604694,67.00652436876254,59.37027749123554,0.7777777777777778,0.6412609291180158,1301.612586736679,"{""C"": 33.246556067786344, ""gamma"": 0.013701763238492284, ""wpow"": 1.1176604658861586, ""max_samples"": 0.8844701107649872}"
BagSVM-MW/log_std,2024,84,55.483029055863355,63.661677013140334,52.49840388449124,0.7619047619047619,0.6394450616148772,1080.4983987808228,"{""C"": 5.5856689456018795, ""gamma"": 0.047632334394346804, ""wpow"": 0.9248030019821712, ""max_samples"": 0.9049804606137501}"
BagSVM-MW/log_std,2025,77,44.55366088262871,57.33374672341028,43.865725701068335,0.7142857142857143,0.6473061881881073,1046.499633550644,"{""C"": 44.88417658535523, ""gamma"": 0.018964288302806595, ""wpow"": 0.9893739074530524, ""max_samples"": 0.9876078689517926}"
DecTheor/log_std+log_std,2011,100,61.24656286524626,66.16057728753033,60.63946083959932,0.8,0.6445390935548176,279.7418236732483,"{""C"": 33.2930854335604, ""gamma"": 0.02823198659667664, ""wpow"": 1.7541531907731929, ""max_samples"": 0.8065469064243096, ""svr_C"": 5.657734522451366, ""svr_gamma"": 0.06953978850853114, ""svr_epsilon"": 0.025690325015001465, ""alpha"": 0.747347136428562}"
DecTheor/log_std+log_std,2012,100,58.694386629273644,66.76423019743656,57.761773256945936,0.81,0.6465177569715133,256.87032747268677,"{""C"": 49.88028263783244, ""gamma"": 0.04660666271874463, ""wpow"": 1.9685098039508584, ""max_samples"": 0.7961676899941378, ""svr_C"": 20.80027184950553, ""svr_gamma"": 0.03874189518480994, ""svr_epsilon"": 0.03301754561955865, ""alpha"": 0.5181886782241437}"
DecTheor/log_std+log_std,2013,96,60.28455646405534,67.73596946331787,53.65464800803111,0.7291666666666666,0.6444281265219194,396.29132747650146,"{""C"": 3.7271969873926016, ""gamma"": 0.002415540298399539, ""wpow"": 1.8745022641754523, ""max_samples"": 0.8665122280898591, ""svr_C"": 0.8738199072910997, ""svr_gamma"": 0.03313818900381656, ""svr_epsilon"": 0.06272352546755923, ""alpha"": 0.9936615049201749}"
DecTheor/log_std+log_std,2014,98,67.97501411605869,72.25364395703092,66.97501411605869,0.8775510204081632,0.6340504748548771,266.74141478538513,"{""C"": 30.21976926076963, ""gamma"": 0.01910749530031272, ""wpow"": 1.0686892841678495, ""max_samples"": 0.836109998229896, ""svr_C"": 12.241346119102861, ""svr_gamma"": 0.00897173304121191, ""svr_epsilon"": 0.19319756241646863, ""alpha"": 0.2395121474930575}"
DecTheor/log_std+log_std,2015,91,57.34041395846745,63.630977928940375,50.12686375847367,0.7472527472527473,0.6378391209050737,345.339022397995,"{""C"": 22.907043752834383, ""gamma"": 0.056170784109956434, ""wpow"": 1.9361702241514425, ""max_samples"": 0.963208226843531, ""svr_C"": 16.197333526999643, ""svr_gamma"": 0.053008272043056595, ""svr_epsilon"": 0.008760228643973442, ""alpha"": 0.24341194831501084}"
DecTheor/log_std+log_std,2016,95,63.314981726590716,65.35782694025467,63.31501339214909,0.9473684210526315,0.6434976485858277,359.31879329681396,"{""C"": 9.218033558352252, ""gamma"": 0.05591084422484534, ""wpow"": 1.7224334599748168, ""max_samples"": 0.6865480276217828, ""svr_C"": 3.6205694558761907, ""svr_gamma"": 0.16689958484935333, ""svr_epsilon"": 0.001025435675370175, ""alpha"": 0.8081766511509467}"
DecTheor/log_std+log_std,2017,92,60.481157169852054,68.14124961910427,51.88821575620379,0.8043478260869565,0.6429709372924999,328.3367350101471,"{""C"": 14.859711338988657, ""gamma"": 0.011499608808752804, ""wpow"": 1.0413472616061257, ""max_samples"": 0.9984066126989743, ""svr_C"": 4.3283496297921635, ""svr_gamma"": 0.06689900285080415, ""svr_epsilon"": 0.011130103108132235, ""alpha"": 0.6284834729583342}"
DecTheor/log_std+log_std,2018,90,62.0037266155331,67.21773699163016,62.0037266155331,0.8777777777777778,0.639856387184015,260.0979392528534,"{""C"": 38.289704794577894, ""gamma"": 0.004694470070566509, ""wpow"": 1.1016225278625176, ""max_samples"": 0.8044685230477262, ""svr_C"": 0.8270346465315318, ""svr_gamma"": 0.08527048502011816, ""svr_epsilon"": 0.04033447393254043, ""alpha"": 0.3254766657287885}"
DecTheor/log_std+log_std,2019,89,60.776644837024655,64.36738675198414,58.85832127898245,0.8089887640449438,0.6420278176517522,370.4415783882141,"{""C"": 14.248328943698262, ""gamma"": 0.007987079471822076, ""wpow"": 2.484808321530552, ""max_samples"": 0.9783238879894853, ""svr_C"": 43.54018533029403, ""svr_gamma"": 0.1695268151181149, ""svr_epsilon"": 0.015621244890555374, ""alpha"": 0.9442767878285696}"
DecTheor/log_std+log_std,2020,94,55.89258340300539,62.91335568772955,55.89131998190203,0.7978723404255319,0.6474854109183095,276.6561222076416,"{""C"": 4.720153930107109, ""gamma"": 0.013225701131837795, ""wpow"": 1.1210890622715088, ""max_samples"": 0.8905821542961304, ""svr_C"": 6.196684472852415, ""svr_gamma"": 0.20676239348771724, ""svr_epsilon"": 0.02264206171096726, ""alpha"": 0.903820150365042}"
DecTheor/log_std+log_std,2021,91,56.007735246445456,66.10147650368233,55.33382015084676,0.8131868131868132,0.6434777499114325,263.1773593425751,"{""C"": 2.5596507326091844, ""gamma"": 0.16970424579953555, ""wpow"": 1.5977388943360458, ""max_samples"": 0.7552287458008349, ""svr_C"": 3.8901696840112305, ""svr_gamma"": 0.14353921553167384, ""svr_epsilon"": 0.07507508788663766, ""alpha"": 0.9601430372706806}"
DecTheor/log_std+log_std,2022,92,59.59903555585491,67.44317067624243,57.0531407633051,0.75,0.6456537718246602,413.44800305366516,"{""C"": 9.681645552660386, ""gamma"": 0.06422038966737492, ""wpow"": 0.6340975738020089, ""max_samples"": 0.9614135317191564, ""svr_C"": 6.794715209612198, ""svr_gamma"": 0.1602250658991879, ""svr_epsilon"": 0.06263227108590068, ""alpha"": 0.4833193387454665}"
DecTheor/log_std+log_std,2023,90,50.88557090249809,67.00652436876254,59.37027749123554,0.7,0.6438964096709386,399.99223947525024,"{""C"": 29.424860201566087, ""gamma"": 0.011028471938463222, ""wpow"": 1.6715029034289675, ""max_samples"": 0.9979072168174281, ""svr_C"": 6.9836962115569206, ""svr_gamma"": 0.014283916590313668, ""svr_epsilon"": 0.021296303250092612, ""alpha"": 0.6681387884886201}"
DecTheor/log_std+log_std,2024,84,54.962642821050615,63.661677013140334,52.49840388449124,0.75,0.6394926335195895,352.48155307769775,"{""C"": 25.34292736508776, ""gamma"": 0.017375201422913874, ""wpow"": 2.0411431778460987, ""max_samples"": 0.7925066217275252, ""svr_C"": 4.930648998161022, ""svr_gamma"": 0.04414880898671174, ""svr_epsilon"": 0.028207560073046898, ""alpha"": 0.7278948910714007}"
DecTheor/log_std+log_std,2025,77,44.9600906037912,57.33374672341028,43.865725701068335,0.7142857142857143,0.6470245061604475,233.11133885383606,"{""C"": 16.166864082049425, ""gamma"": 0.009412931406894308, ""wpow"": 1.5340026953033385, ""max_samples"": 0.6908556046603513, ""svr_C"": 1.0999623021387004, ""svr_gamma"": 0.035068019716863984, ""svr_epsilon"": 0.10148090007979679, ""alpha"": 0.6387500132006115}"
CalibBag-MW/log_std,2011,100,61.22795404974602,66.16057728753033,60.63946083959932,0.83,0.6372377614300894,546.4130527973175,"{""C"": 15.566823345508304, ""gamma"": 0.7346248268380806, ""wpow"": 0.8315650051740016, ""max_samples"": 0.6783553861234627}"
CalibBag-MW/log_std,2012,100,57.761773256945936,66.76423019743656,57.761773256945936,0.82,0.6415320316329185,650.6264865398407,"{""C"": 68.45570267272907, ""gamma"": 0.6676281004302606, ""wpow"": 1.2374575454421948, ""max_samples"": 0.855919277250694}"
CalibBag-MW/log_std,2013,96,60.30123513658117,67.73596946331787,53.65464800803111,0.7395833333333334,0.6383489404340119,590.5457098484039,"{""C"": 30.325652492706446, ""gamma"": 0.6052188480923728, ""wpow"": 1.4290353406399587, ""max_samples"": 0.9305625074796946}"
CalibBag-MW/log_std,2014,98,68.05552236206888,72.25364395703092,66.97501411605869,0.9081632653061225,0.6287733357006086,624.6582541465759,"{""C"": 0.8179499475211672, ""gamma"": 0.12561043700013558, ""wpow"": 1.3638900372842315, ""max_samples"": 0.7164916560792167}"
CalibBag-MW/log_std,2015,91,55.72117146259428,63.630977928940375,50.12686375847367,0.7472527472527473,0.6352051169997591,580.0318520069122,"{""C"": 10.271536832435133, ""gamma"": 0.3710634896459093, ""wpow"": 1.6197145372495618, ""max_samples"": 0.9650022678841447}"
CalibBag-MW/log_std,2016,95,63.56091503149336,65.35782694025467,63.31501339214909,0.968421052631579,0.6394576875803786,779.16335272789,"{""C"": 42.626628147729924, ""gamma"": 0.04612804592177963, ""wpow"": 1.6036065079031394, ""max_samples"": 0.9253261423712329}"
CalibBag-MW/log_std,2017,92,55.88821575620379,68.14124961910427,51.88821575620379,0.7717391304347826,0.6352919378068286,560.5810174942017,"{""C"": 14.712782024347606, ""gamma"": 0.00925166144692229, ""wpow"": 0.7143224274719944, ""max_samples"": 0.6447904467992578}"
CalibBag-MW/log_std,2018,90,62.0037266155331,67.21773699163016,62.0037266155331,0.8777777777777778,0.6362490848481106,507.52523040771484,"{""C"": 75.79292632211578, ""gamma"": 0.023739423955292542, ""wpow"": 1.227497625454385, ""max_samples"": 0.6048309114008911}"
CalibBag-MW/log_std,2019,89,60.53426185223153,64.36738675198414,58.85832127898245,0.7752808988764045,0.6364582009601879,667.8459758758545,"{""C"": 23.187806834445798, ""gamma"": 0.0410013546972758, ""wpow"": 1.8752581656285456, ""max_samples"": 0.7906734946677829}"
CalibBag-MW/log_std,2020,94,57.02348770007333,62.91335568772955,55.89131998190203,0.8297872340425532,0.645543831453371,457.21295499801636,"{""C"": 1.132892321425222, ""gamma"": 0.0963847724048938, ""wpow"": 0.6007624069947801, ""max_samples"": 0.8974309903023555}"
CalibBag-MW/log_std,2021,91,55.33382015084676,66.10147650368233,55.33382015084676,0.8021978021978022,0.6435940682216607,415.5744867324829,"{""C"": 46.01768046428041, ""gamma"": 0.021682671468834003, ""wpow"": 2.3553936710988923, ""max_samples"": 0.9917702367090979}"
CalibBag-MW/log_std,2022,92,59.599117635231664,67.44317067624243,57.0531407633051,0.7717391304347826,0.6406763181723776,382.8834478855133,"{""C"": 40.54437747503872, ""gamma"": 0.05671579612681177, ""wpow"": 0.9323518789167098, ""max_samples"": 0.6621491613453178}"
CalibBag-MW/log_std,2023,90,59.37027749123554,67.00652436876254,59.37027749123554,0.8222222222222222,0.6374222840111698,536.6338882446289,"{""C"": 13.594870357108634, ""gamma"": 0.008284622262540802, ""wpow"": 1.0236318515753315, ""max_samples"": 0.9056378583808781}"
CalibBag-MW/log_std,2024,84,54.39078130226299,63.661677013140334,52.49840388449124,0.75,0.6364652250022307,466.5647542476654,"{""C"": 99.32018204205181, ""gamma"": 0.03001543338354693, ""wpow"": 1.4805533463552827, ""max_samples"": 0.8518161515540478}"
CalibBag-MW/log_std,2025,77,44.55366088262871,57.33374672341028,43.865725701068335,0.7142857142857143,0.6405479624451291,348.85438108444214,"{""C"": 56.53053530979268, ""gamma"": 0.02258487958663953, ""wpow"": 1.1718655023162463, ""max_samples"": 0.6523173933077938}"
XGB-MW/quantile,2011,100,60.94576390621266,66.16057728753033,60.63946083959932,0.74,0.6440244477997226,401.83411407470703,"{""n_estimators"": 241, ""max_depth"": 7, ""learning_rate"": 0.014760259849485135, ""subsample"": 0.5335397469969004, ""colsample_bytree"": 0.5731380696110896, ""min_child_weight"": 1, ""reg_lambda"": 1.4285000897370759, ""wpow"": 2.396836433327678}"
XGB-MW/quantile,2012,100,59.915216439226405,66.76423019743656,57.761773256945936,0.85,0.6439096346402116,360.0687370300293,"{""n_estimators"": 272, ""max_depth"": 7, ""learning_rate"": 0.02304138871329104, ""subsample"": 0.6438669311969615, ""colsample_bytree"": 0.7288285954677579, ""min_child_weight"": 1, ""reg_lambda"": 2.112266012016291, ""wpow"": 0.8342083536318308}"
XGB-MW/quantile,2013,96,60.007596241742874,67.73596946331787,53.65464800803111,0.7291666666666666,0.6448411713026804,395.20903301239014,"{""n_estimators"": 453, ""max_depth"": 5, ""learning_rate"": 0.018258898474631257, ""subsample"": 0.590591540859167, ""colsample_bytree"": 0.6406184450043159, ""min_child_weight"": 2, ""reg_lambda"": 6.9589119771110095, ""wpow"": 0.6940829985282733}"
XGB-MW/quantile,2014,98,71.1858770014919,72.25364395703092,66.97501411605869,0.8775510204081632,0.6331407847018383,340.56986141204834,"{""n_estimators"": 178, ""max_depth"": 6, ""learning_rate"": 0.048217492913213665, ""subsample"": 0.8543882212340457, ""colsample_bytree"": 0.5206876080576397, ""min_child_weight"": 1, ""reg_lambda"": 6.498362659776237, ""wpow"": 0.9541503870193353}"
XGB-MW/quantile,2015,91,59.64512299343182,63.630977928940375,50.12686375847367,0.7692307692307693,0.6383632466964574,440.1472885608673,"{""n_estimators"": 176, ""max_depth"": 10, ""learning_rate"": 0.012906989062334995, ""subsample"": 0.9679396274632437, ""colsample_bytree"": 0.95121731528213, ""min_child_weight"": 2, ""reg_lambda"": 0.5554568617833148, ""wpow"": 0.9530183804025805}"
XGB-MW/quantile,2016,95,63.31501339214909,65.35782694025467,63.31501339214909,0.9578947368421052,0.6415509182031884,218.847900390625,"{""n_estimators"": 180, ""max_depth"": 6, ""learning_rate"": 0.038256709064847, ""subsample"": 0.5409712096829292, ""colsample_bytree"": 0.5793716550314907, ""min_child_weight"": 4, ""reg_lambda"": 0.004153577401793208, ""wpow"": 1.756567697822054}"
XGB-MW/quantile,2017,92,60.21640735072204,68.14124961910427,51.88821575620379,0.8152173913043478,0.6417024510998436,293.398140668869,"{""n_estimators"": 250, ""max_depth"": 8, ""learning_rate"": 0.03069815393143718, ""subsample"": 0.8634430158889087, ""colsample_bytree"": 0.5905803530233339, ""min_child_weight"": 4, ""reg_lambda"": 4.1713392925838235, ""wpow"": 1.2863911177651768}"
XGB-MW/quantile,2018,90,63.30044263051901,67.21773699163016,62.0037266155331,0.8777777777777778,0.6362191621973705,347.5471398830414,"{""n_estimators"": 486, ""max_depth"": 9, ""learning_rate"": 0.02735592696984896, ""subsample"": 0.7190522433327305, ""colsample_bytree"": 0.6739298388918793, ""min_child_weight"": 2, ""reg_lambda"": 0.039774382586948855, ""wpow"": 1.3744515412848037}"
XGB-MW/quantile,2019,89,61.1121582664211,64.36738675198414,58.85832127898245,0.8202247191011236,0.6379095137834623,251.53116965293884,"{""n_estimators"": 118, ""max_depth"": 8, ""learning_rate"": 0.013169889369243327, ""subsample"": 0.8004143202939606, ""colsample_bytree"": 0.5432480682419363, ""min_child_weight"": 1, ""reg_lambda"": 0.0022102898607918, ""wpow"": 1.1523587673398645}"
XGB-MW/quantile,2020,94,56.27851007890257,62.91335568772955,55.89131998190203,0.8191489361702128,0.6445748873496279,309.6343398094177,"{""n_estimators"": 409, ""max_depth"": 8, ""learning_rate"": 0.015350754278889246, ""subsample"": 0.9335420265667342, ""colsample_bytree"": 0.6813196127132719, ""min_child_weight"": 8, ""reg_lambda"": 0.002234425980727387, ""wpow"": 0.371118887167025}"
XGB-MW/quantile,2021,91,53.90688422822538,66.10147650368233,55.33382015084676,0.7802197802197802,0.645991115959071,303.2320713996887,"{""n_estimators"": 129, ""max_depth"": 9, ""learning_rate"": 0.014763805194377276, ""subsample"": 0.9712940406904449, ""colsample_bytree"": 0.6179358225812944, ""min_child_weight"": 3, ""reg_lambda"": 0.0020213437587543377, ""wpow"": 1.7270563678135336}"
XGB-MW/quantile,2022,92,60.70147581249466,67.44317067624243,57.0531407633051,0.7608695652173914,0.6452306784823414,273.80812191963196,"{""n_estimators"": 183, ""max_depth"": 9, ""learning_rate"": 0.015791804713020555, ""subsample"": 0.7313842758611927, ""colsample_bytree"": 0.5350101845344242, ""min_child_weight"": 1, ""reg_lambda"": 0.05029402608836391, ""wpow"": 2.1661620235789685}"
XGB-MW/quantile,2023,90,58.37027749123554,67.00652436876254,59.37027749123554,0.8111111111111111,0.6415787232373656,420.2534189224243,"{""n_estimators"": 300, ""max_depth"": 7, ""learning_rate"": 0.01137321558434137, ""subsample"": 0.6576822915597296, ""colsample_bytree"": 0.7150210327673608, ""min_child_weight"": 1, ""reg_lambda"": 1.159848880094188, ""wpow"": 0.6435074034159318}"
XGB-MW/quantile,2024,84,53.71530081442657,63.661677013140334,52.49840388449124,0.75,0.6412945398483499,265.7404990196228,"{""n_estimators"": 134, ""max_depth"": 8, ""learning_rate"": 0.01352121621473563, ""subsample"": 0.9072662618291947, ""colsample_bytree"": 0.6878123924796204, ""min_child_weight"": 1, ""reg_lambda"": 2.588988596427795, ""wpow"": 2.4174265524944}"
XGB-MW/quantile,2025,77,44.532392367735,57.33374672341028,43.865725701068335,0.7012987012987013,0.6472905753203447,283.2244656085968,"{""n_estimators"": 156, ""max_depth"": 6, ""learning_rate"": 0.02414823155833508, ""subsample"": 0.730973551541133, ""colsample_bytree"": 0.6859104268614703, ""min_child_weight"": 1, ""reg_lambda"": 2.616828983027762, ""wpow"": 1.9751381878331227}"
MO-SVR/log_std,2011,100,62.24523963710666,66.16057728753033,60.63946083959932,0.81,0.6412654525055335,39.846049070358276,"{""C"": 0.5686332827708488, ""gamma"": 0.15561770408171288, ""epsilon"": 0.0014416233601910974}"
MO-SVR/log_std,2012,100,57.54629706646974,66.76423019743656,57.761773256945936,0.81,0.6451509983652739,26.936216115951538,"{""C"": 0.28208398221942815, ""gamma"": 0.32784262075417225, ""epsilon"": 0.07462539556276392}"
MO-SVR/log_std,2013,96,60.1458604657648,67.73596946331787,53.65464800803111,0.7291666666666666,0.644938647913092,22.873521089553833,"{""C"": 0.5752188035278957, ""gamma"": 0.02904025336781957, ""epsilon"": 0.06627960222351056}"
MO-SVR/log_std,2014,98,70.34153187251293,72.25364395703092,66.97501411605869,0.9285714285714286,0.6315743933582707,60.82858204841614,"{""C"": 3.4890188454913864, ""gamma"": 0.23423849847112907, ""epsilon"": 0.0013033567475147442}"
MO-SVR/log_std,2015,91,58.597330449301616,63.630977928940375,50.12686375847367,0.8021978021978022,0.6366560228983618,45.92640495300293,"{""C"": 0.5813408598314458, ""gamma"": 0.38746839161274693, ""epsilon"": 0.012031764073776478}"
MO-SVR/log_std,2016,95,62.81407823637706,65.35782694025467,63.31501339214909,0.8947368421052632,0.6431396057426848,41.467838764190674,"{""C"": 1.4176729662224867, ""gamma"": 0.23118546746811838, ""epsilon"": 0.012030181148423804}"
MO-SVR/log_std,2017,92,60.71202566663977,68.14124961910427,51.88821575620379,0.8043478260869565,0.6398265852025424,31.578229904174805,"{""C"": 3.2955841601066798, ""gamma"": 0.08157596407631772, ""epsilon"": 0.10778530029355236}"
MO-SVR/log_std,2018,90,63.515930087331384,67.21773699163016,62.0037266155331,0.9,0.6397295448681966,36.03450036048889,"{""C"": 0.7917230101622216, ""gamma"": 0.33826914642377903, ""epsilon"": 0.10952965206277343}"
MO-SVR/log_std,2019,89,59.68350236676641,64.36738675198414,58.85832127898245,0.7865168539325843,0.6410576985114522,44.097816705703735,"{""C"": 2.5870993178098214, ""gamma"": 0.19700822050238653, ""epsilon"": 0.05373884018604746}"
MO-SVR/log_std,2020,94,56.892554653951706,62.91335568772955,55.89131998190203,0.7978723404255319,0.645803118392974,39.409757137298584,"{""C"": 3.1096215653401047, ""gamma"": 0.08457031846178703, ""epsilon"": 0.14624324254953483}"
MO-SVR/log_std,2021,91,57.007735246445456,66.10147650368233,55.33382015084676,0.8241758241758241,0.6422661544352446,50.43889880180359,"{""C"": 0.9085817036149885, ""gamma"": 0.3452313999138754, ""epsilon"": 0.010624584268106724}"
MO-SVR/log_std,2022,92,59.59910763606494,67.44317067624243,57.0531407633051,0.7717391304347826,0.645048253222307,58.59564781188965,"{""C"": 1.1220731877693566, ""gamma"": 0.22769339956247306, ""epsilon"": 0.004769339508025506}"
MO-SVR/log_std,2023,90,57.37027749123554,67.00652436876254,59.37027749123554,0.8,0.6443781170050604,41.63898849487305,"{""C"": 45.66391532504819, ""gamma"": 0.11302823098961763, ""epsilon"": 0.12419051329259966}"
MO-SVR/log_std,2024,84,55.23482174643758,63.661677013140334,52.49840388449124,0.75,0.6406544044813556,46.69131112098694,"{""C"": 3.0890019509913875, ""gamma"": 0.06768024910719089, ""epsilon"": 0.09409737293964424}"
MO-SVR/log_std,2025,77,45.02769733208423,57.33374672341028,43.865725701068335,0.7012987012987013,0.6490964112927425,60.624714374542236,"{""C"": 42.22975599196382, ""gamma"": 0.2158552567349812, ""epsilon"": 0.011883052017981588}"
BagSVM-MW/asinh_std,2011,100,60.57993703007551,66.16057728753033,60.63946083959932,0.82,0.6396931404492682,426.6968250274658,"{""C"": 72.77272404512125, ""gamma"": 0.17195055939855958, ""wpow"": 0.5150946386325861, ""max_samples"": 0.9820366453934412}"
BagSVM-MW/asinh_std,2012,100,57.761773256945936,66.76423019743656,57.761773256945936,0.82,0.6431012325859001,379.90582966804504,"{""C"": 35.60396060745234, ""gamma"": 0.18901858579923558, ""wpow"": 0.6266110715092211, ""max_samples"": 0.9782135413047751}"
BagSVM-MW/asinh_std,2013,96,59.8364464041868,67.73596946331787,53.65464800803111,0.7291666666666666,0.6383512497729702,361.038325548172,"{""C"": 2.0704384449152697, ""gamma"": 0.24077044913508125, ""wpow"": 1.1541529169636238, ""max_samples"": 0.9986625688086628}"
BagSVM-MW/asinh_std,2014,98,69.05552236206888,72.25364395703092,66.97501411605869,0.9183673469387755,0.6313564730735699,321.1165623664856,"{""C"": 26.63792182693012, ""gamma"": 0.018244164777609855, ""wpow"": 2.2641014742829597, ""max_samples"": 0.950988113031418}"
BagSVM-MW/asinh_std,2015,91,57.653382811672955,63.630977928940375,50.12686375847367,0.7362637362637363,0.6361945865715,378.5728511810303,"{""C"": 28.45769182378372, ""gamma"": 0.02294410109317056, ""wpow"": 0.6865387937663064, ""max_samples"": 0.9369107298483689}"
BagSVM-MW/asinh_std,2016,95,63.31501339214909,65.35782694025467,63.31501339214909,0.9578947368421052,0.6398224105510657,272.2945840358734,"{""C"": 20.690550086963334, ""gamma"": 0.03290554063120769, ""wpow"": 1.674944303020169, ""max_samples"": 0.8847911208853647}"
BagSVM-MW/asinh_std,2017,92,55.21640735072204,68.14124961910427,51.88821575620379,0.7608695652173914,0.639170803258195,288.9995188713074,"{""C"": 68.54901649243835, ""gamma"": 0.0070106215063589555, ""wpow"": 0.7608766604091662, ""max_samples"": 0.9737590389328634}"
BagSVM-MW/asinh_std,2018,90,62.0037266155331,67.21773699163016,62.0037266155331,0.8777777777777778,0.6386206927585172,354.6311731338501,"{""C"": 4.8552345987646826, ""gamma"": 0.04056198034810648, ""wpow"": 1.4389692044279438, ""max_samples"": 0.9226675064884017}"
BagSVM-MW/asinh_std,2019,89,60.53426185223153,64.36738675198414,58.85832127898245,0.7752808988764045,0.6395241662715907,250.83204698562622,"{""C"": 17.11246723602311, ""gamma"": 0.03782675242035058, ""wpow"": 1.310537431334554, ""max_samples"": 0.9023152567860557}"
BagSVM-MW/asinh_std,2020,94,56.79131998190203,62.91335568772955,55.89131998190203,0.8404255319148937,0.647615051221495,219.5178780555725,"{""C"": 51.66106661445763, ""gamma"": 0.02870600674500817, ""wpow"": 1.2171992371957343, ""max_samples"": 0.6926958422361186}"
BagSVM-MW/asinh_std,2021,91,56.076068313856815,66.10147650368233,55.33382015084676,0.8131868131868132,0.6416065289448954,277.0747148990631,"{""C"": 2.9911572990103914, ""gamma"": 0.06131831104295535, ""wpow"": 1.1202278114890643, ""max_samples"": 0.962303579026098}"
BagSVM-MW/asinh_std,2022,92,59.805731809607686,67.44317067624243,57.0531407633051,0.75,0.6442159677484153,414.8038523197174,"{""C"": 28.60303383126597, ""gamma"": 0.10354482211718714, ""wpow"": 0.7530453787424711, ""max_samples"": 0.9696868663539041}"
BagSVM-MW/asinh_std,2023,90,59.37027749123554,67.00652436876254,59.37027749123554,0.8222222222222222,0.6402880399662758,233.25045824050903,"{""C"": 99.28724653157863, ""gamma"": 0.040700548104481316, ""wpow"": 0.7712645207774331, ""max_samples"": 0.9376182019345312}"
BagSVM-MW/asinh_std,2024,84,55.483029055863355,63.661677013140334,52.49840388449124,0.7619047619047619,0.6391034205242244,334.64443588256836,"{""C"": 11.841270936643685, ""gamma"": 0.03830760763809534, ""wpow"": 1.10370304550244, ""max_samples"": 0.9237241087358491}"
BagSVM-MW/asinh_std,2025,77,44.9600906037912,57.33374672341028,43.865725701068335,0.7142857142857143,0.642678785763163,302.98662877082825,"{""C"": 55.2930929767817, ""gamma"": 0.0360709530496858, ""wpow"": 2.0357181786417065, ""max_samples"": 0.8999824708237865}"
BagSVM-MW/asinh_quantile,2011,100,61.71322953191293,66.16057728753033,60.63946083959932,0.78,0.6383627908897911,414.46611642837524,"{""C"": 78.76131825081674, ""gamma"": 0.004979750697532454, ""wpow"": 1.6147364317219326, ""max_samples"": 0.844078248969097}"
BagSVM-MW/asinh_quantile,2012,100,57.54629706646974,66.76423019743656,57.761773256945936,0.81,0.6423483927860006,513.6930174827576,"{""C"": 61.19301659798321, ""gamma"": 0.1439350495942996, ""wpow"": 2.1026324889998875, ""max_samples"": 0.9677655078874414}"
BagSVM-MW/asinh_quantile,2013,96,59.542807509348506,67.73596946331787,53.65464800803111,0.71875,0.6379723652045441,371.9638702869415,"{""C"": 3.5406163386104734, ""gamma"": 0.11476809785348706, ""wpow"": 1.2925480872844708, ""max_samples"": 0.8010903286566632}"
BagSVM-MW/asinh_quantile,2014,98,67.97501411605869,72.25364395703092,66.97501411605869,0.8979591836734694,0.6288686005752897,378.8883125782013,"{""C"": 1.9252288909210618, ""gamma"": 0.03782675242035058, ""wpow"": 0.7888909102273529, ""max_samples"": 0.8796115217665699}"
BagSVM-MW/asinh_quantile,2015,91,58.2264718164221,63.630977928940375,50.12686375847367,0.7582417582417582,0.6356109323743604,400.5988335609436,"{""C"": 15.243629748499835, ""gamma"": 0.07812984477033817, ""wpow"": 1.6172383668153574, ""max_samples"": 0.9956080007661111}"
BagSVM-MW/asinh_quantile,2016,95,63.314988809502026,65.35782694025467,63.31501339214909,0.9473684210526315,0.639033190716025,327.80683279037476,"{""C"": 38.0732347967209, ""gamma"": 0.008497899627232477, ""wpow"": 1.684777988808353, ""max_samples"": 0.9435230439946986}"
BagSVM-MW/asinh_quantile,2017,92,56.422094133763636,68.14124961910427,51.88821575620379,0.75,0.6378862409154297,289.1903579235077,"{""C"": 22.60749630307591, ""gamma"": 0.003460817686357028, ""wpow"": 0.8740996109203012, ""max_samples"": 0.8978644569579275}"
BagSVM-MW/asinh_quantile,2018,90,62.0037266155331,67.21773699163016,62.0037266155331,0.8777777777777778,0.6374535050455343,485.9987268447876,"{""C"": 4.5195874241087655, ""gamma"": 0.03373843799077188, ""wpow"": 1.220745887393067, ""max_samples"": 0.9997653976350742}"
BagSVM-MW/asinh_quantile,2019,89,61.0009285188982,64.36738675198414,58.85832127898245,0.7865168539325843,0.6373553029656924,351.64956307411194,"{""C"": 9.47042181902096, ""gamma"": 0.014170713757663779, ""wpow"": 1.37098331336795, ""max_samples"": 0.972089886653437}"
BagSVM-MW/asinh_quantile,2020,94,56.79131998190203,62.91335568772955,55.89131998190203,0.8617021276595744,0.6454984651631193,220.7355751991272,"{""C"": 68.45570267272907, ""gamma"": 0.028504320627871515, ""wpow"": 1.2374575454421948, ""max_samples"": 0.6071847502459279}"
BagSVM-MW/asinh_quantile,2021,91,56.076068313856815,66.10147650368233,55.33382015084676,0.8021978021978022,0.6396021754171394,269.15881085395813,"{""C"": 40.32965198984056, ""gamma"": 0.00925166144692229, ""wpow"": 1.6746848329138542, ""max_samples"": 0.7102177578384641}"
BagSVM-MW/asinh_quantile,2022,92,60.599117635231664,67.44317067624243,57.0531407633051,0.782608695652174,0.6437191901924387,366.4901444911957,"{""C"": 54.23360823110528, ""gamma"": 0.16079111269405882, ""wpow"": 2.167540935437653, ""max_samples"": 0.8945632483393829}"
BagSVM-MW/asinh_quantile,2023,90,59.37027749123554,67.00652436876254,59.37027749123554,0.8222222222222222,0.637461995678837,350.53721046447754,"{""C"": 9.47042181902096, ""gamma"": 0.02220085106531086, ""wpow"": 1.6359239703665773, ""max_samples"": 0.9575710416393786}"
BagSVM-MW/asinh_quantile,2024,84,55.483029055863355,63.661677013140334,52.49840388449124,0.7619047619047619,0.6372571012437682,336.1322319507599,"{""C"": 68.48353799910191, ""gamma"": 0.04439592100036457, ""wpow"": 2.2564506884223707, ""max_samples"": 0.9450804456253588}"
BagSVM-MW/asinh_quantile,2025,77,44.9600906037912,57.33374672341028,43.865725701068335,0.7142857142857143,0.6441467530576661,494.99240612983704,"{""C"": 11.70190221018284, ""gamma"": 0.029766887504681774, ""wpow"": 1.7173018557667632, ""max_samples"": 0.9695274180325996}"
BagSVM-MW/rank_normal,2011,100,62.5798961985796,66.16057728753033,60.63946083959932,0.83,0.6389115451427186,302.9782054424286,"{""C"": 1.7424861582350664, ""gamma"": 0.14423272891330638, ""wpow"": 0.6183843341416313, ""max_samples"": 0.7929295021513856}"
BagSVM-MW/rank_normal,2012,100,57.54629706646974,66.76423019743656,57.761773256945936,0.81,0.6431564111479101,452.62917399406433,"{""C"": 5.446022262876883, ""gamma"": 0.1431804578635935, ""wpow"": 0.7469576739707948, ""max_samples"": 0.9980407696579545}"
BagSVM-MW/rank_normal,2013,96,60.007596241742874,67.73596946331787,53.65464800803111,0.7291666666666666,0.6421448166666,355.2818102836609,"{""C"": 5.798732804739356, ""gamma"": 0.036724891955675035, ""wpow"": 2.134817332570524, ""max_samples"": 0.9988346002853344}"
BagSVM-MW/rank_normal,2014,98,67.89659392159862,72.25364395703092,66.97501411605869,0.8877551020408163,0.6327441302057399,284.350492477417,"{""C"": 56.29471837364862, ""gamma"": 0.009947987723420955, ""wpow"": 1.9366463564102168, ""max_samples"": 0.9500225431140732}"
BagSVM-MW/rank_normal,2015,91,57.22649931555129,63.630977928940375,50.12686375847367,0.7692307692307693,0.637305227636759,296.7176058292389,"{""C"": 36.41406838059351, ""gamma"": 0.08643069889429407, ""wpow"": 0.5054527108835676, ""max_samples"": 0.9674591251076566}"
BagSVM-MW/rank_normal,2016,95,63.31501339214909,65.35782694025467,63.31501339214909,0.9578947368421052,0.6400650676779576,311.328816652298,"{""C"": 49.39802148261727, ""gamma"": 0.049166773254982324, ""wpow"": 1.9432972338414487, ""max_samples"": 0.775957055412938}"
BagSVM-MW/rank_normal,2017,92,54.77488452445974,68.14124961910427,51.88821575620379,0.75,0.6427124777320302,313.35265254974365,"{""C"": 96.70589209264219, ""gamma"": 0.007292409581145968, ""wpow"": 0.6798358334004175, ""max_samples"": 0.9565442403288326}"
BagSVM-MW/rank_normal,2018,90,62.0037266155331,67.21773699163016,62.0037266155331,0.8777777777777778,0.6359646837953212,268.0484175682068,"{""C"": 7.941956504821396, ""gamma"": 0.045883555034458325, ""wpow"": 1.825575576360357, ""max_samples"": 0.7073819278960041}"
BagSVM-MW/rank_normal,2019,89,60.53426185223153,64.36738675198414,58.85832127898245,0.7752808988764045,0.6409448514919607,270.5423803329468,"{""C"": 12.701978782566297, ""gamma"": 0.035117685664934666, ""wpow"": 1.7585573713927403, ""max_samples"": 0.939351542754286}"
BagSVM-MW/rank_normal,2020,94,56.79131998190203,62.91335568772955,55.89131998190203,0.8404255319148937,0.6483523547458807,227.05437350273132,"{""C"": 77.61860242628562, ""gamma"": 0.0322853000020783, ""wpow"": 1.4208119633084477, ""max_samples"": 0.6036200706012356}"
BagSVM-MW/rank_normal,2021,91,56.076068313856815,66.10147650368233,55.33382015084676,0.8021978021978022,0.6412821693079988,352.15749883651733,"{""C"": 70.0024650574084, ""gamma"": 0.028371410392498023, ""wpow"": 1.2568193087010506, ""max_samples"": 0.6417328848914002}"
BagSVM-MW/rank_normal,2022,92,60.599079720350154,67.44317067624243,57.0531407633051,0.7717391304347826,0.6458504131476965,391.100772857666,"{""C"": 71.99463007724985, ""gamma"": 0.04666291986538166, ""wpow"": 1.613904756306309, ""max_samples"": 0.7910349348307468}"
BagSVM-MW/rank_normal,2023,90,59.37027749123554,67.00652436876254,59.37027749123554,0.8222222222222222,0.6400558812657013,322.4216001033783,"{""C"": 19.29591214616638, ""gamma"": 0.06993469900448204, ""wpow"": 0.5869227098920937, ""max_samples"": 0.9928785458260494}"
BagSVM-MW/rank_normal,2024,84,55.483029055863355,63.661677013140334,52.49840388449124,0.7619047619047619,0.6402601952775637,422.3235206604004,"{""C"": 22.348045846354342, ""gamma"": 0.050770859047946065, ""wpow"": 1.54419055177604, ""max_samples"": 0.9536953128604584}"
BagSVM-MW/rank_normal,2025,77,44.9600906037912,57.33374672341028,43.865725701068335,0.7142857142857143,0.6463176172034844,299.21067452430725,"{""C"": 32.17890904335662, ""gamma"": 0.03956947810889127, ""wpow"": 2.4965671723320066, ""max_samples"": 0.9996472462796384}"
BagSVM-MW/rank_std,2011,100,62.5798961985796,66.16057728753033,60.63946083959932,0.83,0.6412853619776072,257.7244896888733,"{""C"": 99.8989916350581, ""gamma"": 0.026480769167745267, ""wpow"": 1.0745282401518266, ""max_samples"": 0.8261727152184545}"
BagSVM-MW/rank_std,2012,100,57.54629706646974,66.76423019743656,57.761773256945936,0.81,0.6421630822748223,359.9907670021057,"{""C"": 4.973919336154679, ""gamma"": 0.17175729935836564, ""wpow"": 0.9196730923757427, ""max_samples"": 0.9404627272596696}"
BagSVM-MW/rank_std,2013,96,60.007596241742874,67.73596946331787,53.65464800803111,0.7291666666666666,0.6423911828145719,443.46273946762085,"{""C"": 4.782686934584887, ""gamma"": 0.04779857753181668, ""wpow"": 2.0274947898297055, ""max_samples"": 0.9946037071849118}"
BagSVM-MW/rank_std,2014,98,68.0363384745663,72.25364395703092,66.97501411605869,0.8469387755102041,0.6315730116193643,303.17535305023193,"{""C"": 16.907643125356735, ""gamma"": 0.0054780512145763014, ""wpow"": 0.7222054192387161, ""max_samples"": 0.9517293858719548}"
BagSVM-MW/rank_std,2015,91,56.65344572606696,63.630977928940375,50.12686375847367,0.7472527472527473,0.6389190394537494,339.4967608451843,"{""C"": 12.424814685740753, ""gamma"": 0.07785175834912693, ""wpow"": 0.734164706350384, ""max_samples"": 0.9810490846662335}"
BagSVM-MW/rank_std,2016,95,63.31501339214909,65.35782694025467,63.31501339214909,0.9578947368421052,0.6418647912105727,409.2590630054474,"{""C"": 24.01798010004014, ""gamma"": 0.01809698446189792, ""wpow"": 1.4652423170419828, ""max_samples"": 0.8970644863247819}"
BagSVM-MW/rank_std,2017,92,53.42213371539826,68.14124961910427,51.88821575620379,0.7282608695652174,0.6429286755872328,298.6635353565216,"{""C"": 57.3834075571101, ""gamma"": 0.008896304104403306, ""wpow"": 0.7627036597541298, ""max_samples"": 0.9602004955866522}"
BagSVM-MW/rank_std,2018,90,62.0037266155331,67.21773699163016,62.0037266155331,0.8777777777777778,0.6381859099508461,305.4986026287079,"{""C"": 14.798736586812671, ""gamma"": 0.038698265257650286, ""wpow"": 2.228547022578378, ""max_samples"": 0.8941338487979096}"
BagSVM-MW/rank_std,2019,89,61.0009285188982,64.36738675198414,58.85832127898245,0.7865168539325843,0.6407781436401618,280.2160940170288,"{""C"": 12.979999976797433, ""gamma"": 0.03020467895461315, ""wpow"": 1.7337744180596777, ""max_samples"": 0.9448506161485019}"
BagSVM-MW/rank_std,2020,94,57.53285666704979,62.91335568772955,55.89131998190203,0.8404255319148937,0.6500828506811533,364.16000151634216,"{""C"": 22.74564302485509, ""gamma"": 0.02342488935786917, ""wpow"": 1.613049196143048, ""max_samples"": 0.9387529121606061}"
BagSVM-MW/rank_std,2021,91,56.076068313856815,66.10147650368233,55.33382015084676,0.8021978021978022,0.6414850496280867,366.0270631313324,"{""C"": 77.66408173832775, ""gamma"": 0.03086310011201222, ""wpow"": 1.822663591041099, ""max_samples"": 0.6398413732419019}"
BagSVM-MW/rank_std,2022,92,59.80577597410293,67.44317067624243,57.0531407633051,0.7608695652173914,0.6438536953723312,365.0683832168579,"{""C"": 1.4732550595838765, ""gamma"": 0.18608848632333563, ""wpow"": 0.6871132440347526, ""max_samples"": 0.9750877764122584}"
BagSVM-MW/rank_std,2023,90,59.37027749123554,67.00652436876254,59.37027749123554,0.8222222222222222,0.641292479722628,321.7164249420166,"{""C"": 89.47690317448729, ""gamma"": 0.048926560529064037, ""wpow"": 0.9881443996614026, ""max_samples"": 0.9997653976350742}"
BagSVM-MW/rank_std,2024,84,55.483029055863355,63.661677013140334,52.49840388449124,0.7619047619047619,0.6401786828580311,305.2897322177887,"{""C"": 43.986505243314824, ""gamma"": 0.06065971851922051, ""wpow"": 1.753034983050731, ""max_samples"": 0.8908811456857915}"
BagSVM-MW/rank_std,2025,77,44.9600906037912,57.33374672341028,43.865725701068335,0.7142857142857143,0.6431303761935634,372.5500383377075,"{""C"": 61.25190000377012, ""gamma"": 0.07963476799654325, ""wpow"": 2.3690162312818837, ""max_samples"": 0.944136234976051}"
BagSVM-MW/log_std,2011,100,61.38098260899421,66.16057728753033,60.63946083959932,0.83,0.6419634031172283,1414.1603655815125,"{""C"": 94.70195989828184, ""gamma"": 0.07576127931874242, ""wpow"": 1.126159085395681, ""max_samples"": 0.9558432038325768}"
BagSVM-MW/log_std,2012,100,57.761773256945936,66.76423019743656,57.761773256945936,0.82,0.643734803326798,1654.6419835090637,"{""C"": 4.869491810315095, ""gamma"": 0.11152980504801557, ""wpow"": 0.8068657021101373, ""max_samples"": 0.9704773201257991}"
BagSVM-MW/log_std,2013,96,59.62298085712749,67.73596946331787,53.65464800803111,0.71875,0.6414514635752803,1631.368114233017,"{""C"": 7.246987874779774, ""gamma"": 0.03979052916015581, ""wpow"": 2.375108563398202, ""max_samples"": 0.9894072386948596}"
BagSVM-MW/log_std,2014,98,69.05552236206888,72.25364395703092,66.97501411605869,0.9183673469387755,0.633043611460678,1601.6627960205078,"{""C"": 14.620284321482947, ""gamma"": 0.023800761343913443, ""wpow"": 1.393663824224104, ""max_samples"": 0.9992685540293855}"
BagSVM-MW/log_std,2015,91,57.653382811672955,63.630977928940375,50.12686375847367,0.7362637362637363,0.6401397080983371,1568.2520310878754,"{""C"": 52.178831054768224, ""gamma"": 0.03166735545943101, ""wpow"": 0.8085481756943723, ""max_samples"": 0.9632419939932333}"
BagSVM-MW/log_std,2016,95,63.31501339214909,65.35782694025467,63.31501339214909,0.9578947368421052,0.6404629208642852,1684.3391897678375,"{""C"": 27.769095886587984, ""gamma"": 0.027478882516633305, ""wpow"": 2.090682718501221, ""max_samples"": 0.9025281098279608}"
BagSVM-MW/log_std,2017,92,57.79940415736836,68.14124961910427,51.88821575620379,0.782608695652174,0.6399135193073626,1166.6129961013794,"{""C"": 11.29922350357249, ""gamma"": 0.007808365061628031, ""wpow"": 0.8357778738787164, ""max_samples"": 0.7789795372836408}"
BagSVM-MW/log_std,2018,90,62.0037266155331,67.21773699163016,62.0037266155331,0.8777777777777778,0.6394442084590924,1642.7855625152588,"{""C"": 5.54670283599785, ""gamma"": 0.03977761738772355, ""wpow"": 1.0730282699792075, ""max_samples"": 0.9159369607813697}"
BagSVM-MW/log_std,2019,89,60.53426185223153,64.36738675198414,58.85832127898245,0.7752808988764045,0.6428636185266899,1788.4052147865295,"{""C"": 40.37716494658591, ""gamma"": 0.01852748949126718, ""wpow"": 1.0821338871610322, ""max_samples"": 0.9730242165468351}"
BagSVM-MW/log_std,2020,94,57.532827917996116,62.91335568772955,55.89131998190203,0.8404255319148937,0.65084304360907,1482.904770374298,"{""C"": 98.40275299883496, ""gamma"": 0.02453594803767418, ""wpow"": 1.5417690896209604, ""max_samples"": 0.9609685326653823}"
BagSVM-MW/log_std,2021,91,56.076068313856815,66.10147650368233,55.33382015084676,0.8021978021978022,0.6429821143127171,1342.7362823486328,"{""C"": 2.9414006613260524, ""gamma"": 0.028838460056127148, ""wpow"": 0.9055143479394272, ""max_samples"": 0.8018087851444944}"
BagSVM-MW/log_std,2022,92,58.805731809607686,67.44317067624243,57.0531407633051,0.7391304347826086,0.6454200155323474,1544.0275664329529,"{""C"": 10.536638183824243, ""gamma"": 0.07308405133345289, ""wpow"": 0.7836342719392901, ""max_samples"": 0.9704022466628817}"
BagSVM-MW/log_std,2023,90,59.37027749123554,67.00652436876254,59.37027749123554,0.8222222222222222,0.6408809445267051,1513.415905714035,"{""C"": 9.694102319011476, ""gamma"": 0.04988240760977529, ""wpow"": 1.1936388912534863, ""max_samples"": 0.98192375470734}"
BagSVM-MW/log_std,2024,84,55.483029055863355,63.661677013140334,52.49840388449124,0.7619047619047619,0.6405119613815513,1460.4977593421936,"{""C"": 89.40767811799176, ""gamma"": 0.04904205126707144, ""wpow"": 1.9629697372889992, ""max_samples"": 0.9793377925542219}"
BagSVM-MW/log_std,2025,77,44.9600906037912,57.33374672341028,43.865725701068335,0.7142857142857143,0.6457691173482543,1422.065268754959,"{""C"": 47.00091117979172, ""gamma"": 0.033574171624037155, ""wpow"": 0.8821728644558146, ""max_samples"": 0.9858621504191835}"
